CREATE TABLE "VALIDATIONTYPE" 
   (	"ID" NUMBER(19,0) NOT NULL ENABLE, 
	"NAME" VARCHAR2(255 CHAR), 
	 CONSTRAINT "TYPEVALIDATION_PK" PRIMARY KEY ("ID")
  USING INDEX PCTFREE 10 INITRANS 2 MAXTRANS 255 COMPUTE STATISTICS 
  STORAGE(INITIAL 65536 NEXT 1048576 MINEXTENTS 1 MAXEXTENTS 2147483645
  PCTINCREASE 0 FREELISTS 1 FREELIST GROUPS 1 BUFFER_POOL DEFAULT)
  TABLESPACE "USERS"  ENABLE
   ) PCTFREE 10 PCTUSED 40 INITRANS 1 MAXTRANS 255 NOCOMPRESS LOGGING
  STORAGE(INITIAL 65536 NEXT 1048576 MINEXTENTS 1 MAXEXTENTS 2147483645
  PCTINCREASE 0 FREELISTS 1 FREELIST GROUPS 1 BUFFER_POOL DEFAULT)
  TABLESPACE "USERS" ;
  
CREATE TABLE "DATASETTYPE" 
   (	"ID" NUMBER(19,0) NOT NULL ENABLE, 
	"NAME" VARCHAR2(255 CHAR), 
	 CONSTRAINT "DATASETTYPE_PK" PRIMARY KEY ("ID")
  USING INDEX PCTFREE 10 INITRANS 2 MAXTRANS 255 COMPUTE STATISTICS 
  STORAGE(INITIAL 65536 NEXT 1048576 MINEXTENTS 1 MAXEXTENTS 2147483645
  PCTINCREASE 0 FREELISTS 1 FREELIST GROUPS 1 BUFFER_POOL DEFAULT)
  TABLESPACE "USERS"  ENABLE
   ) PCTFREE 10 PCTUSED 40 INITRANS 1 MAXTRANS 255 NOCOMPRESS LOGGING
  STORAGE(INITIAL 65536 NEXT 1048576 MINEXTENTS 1 MAXEXTENTS 2147483645
  PCTINCREASE 0 FREELISTS 1 FREELIST GROUPS 1 BUFFER_POOL DEFAULT)
  TABLESPACE "USERS" ;
  
CREATE TABLE "FIELD" 
   (	"ID" NUMBER(19,0) NOT NULL ENABLE, 
	"NAME" VARCHAR2(255 CHAR), 
	"CAMELCASE" VARCHAR2(255 CHAR), 
	 CONSTRAINT "FIELD_PK" PRIMARY KEY ("ID")
  USING INDEX PCTFREE 10 INITRANS 2 MAXTRANS 255 COMPUTE STATISTICS 
  STORAGE(INITIAL 65536 NEXT 1048576 MINEXTENTS 1 MAXEXTENTS 2147483645
  PCTINCREASE 0 FREELISTS 1 FREELIST GROUPS 1 BUFFER_POOL DEFAULT)
  TABLESPACE "USERS"  ENABLE
   ) PCTFREE 10 PCTUSED 40 INITRANS 1 MAXTRANS 255 NOCOMPRESS LOGGING
  STORAGE(INITIAL 65536 NEXT 1048576 MINEXTENTS 1 MAXEXTENTS 2147483645
  PCTINCREASE 0 FREELISTS 1 FREELIST GROUPS 1 BUFFER_POOL DEFAULT)
  TABLESPACE "USERS" ;
  
CREATE TABLE "CONTROLS" 
   (	"ID" NUMBER(19,0) NOT NULL ENABLE, 
	"NAME" VARCHAR2(255 CHAR), 
	"VALIDATIONTYPE_ID" NUMBER(19,0) NOT NULL ENABLE, 
	"DESCRIPTION" VARCHAR2(255 CHAR), 
	"REGEX" VARCHAR2(255 CHAR), 
	"BOUDARY_HIGHER" VARCHAR2(20 CHAR), 
	"BOUDARY_LOWER" VARCHAR2(20 CHAR), 
	"VALUE" VARCHAR2(20 CHAR), 
	"DATASETTYPE_ID" NUMBER(19,0) NOT NULL ENABLE, 
	 CONSTRAINT "CONTROLS_PK" PRIMARY KEY ("ID")
  USING INDEX PCTFREE 10 INITRANS 2 MAXTRANS 255 COMPUTE STATISTICS 
  STORAGE(INITIAL 65536 NEXT 1048576 MINEXTENTS 1 MAXEXTENTS 2147483645
  PCTINCREASE 0 FREELISTS 1 FREELIST GROUPS 1 BUFFER_POOL DEFAULT)
  TABLESPACE "USERS"  ENABLE, 
	 CONSTRAINT "CONTROLS_FK1" FOREIGN KEY ("VALIDATIONTYPE_ID")
	  REFERENCES "VALIDATIONTYPE" ("ID") ENABLE, 
	 CONSTRAINT "CONTROLS_FK2" FOREIGN KEY ("DATASETTYPE_ID")
	  REFERENCES "DATASETTYPE" ("ID") ENABLE
   ) PCTFREE 10 PCTUSED 40 INITRANS 1 MAXTRANS 255 NOCOMPRESS LOGGING
  STORAGE(INITIAL 65536 NEXT 1048576 MINEXTENTS 1 MAXEXTENTS 2147483645
  PCTINCREASE 0 FREELISTS 1 FREELIST GROUPS 1 BUFFER_POOL DEFAULT)
  TABLESPACE "USERS" ;
  
CREATE TABLE "FIELDDATASETTYPE" 
   (	"DATASETTYPE_ID" NUMBER(19,0) NOT NULL ENABLE, 
	"FIELD_ID" NUMBER(19,0) NOT NULL ENABLE, 
	 CONSTRAINT "FIELDDATASETTYPE_PK" PRIMARY KEY ("DATASETTYPE_ID", "FIELD_ID")
  USING INDEX PCTFREE 10 INITRANS 2 MAXTRANS 255 COMPUTE STATISTICS 
  STORAGE(INITIAL 65536 NEXT 1048576 MINEXTENTS 1 MAXEXTENTS 2147483645
  PCTINCREASE 0 FREELISTS 1 FREELIST GROUPS 1 BUFFER_POOL DEFAULT)
  TABLESPACE "USERS"  ENABLE, 
	 CONSTRAINT "FIELDDATASETTYPE_FK1" FOREIGN KEY ("FIELD_ID")
	  REFERENCES "FIELD" ("ID") ENABLE, 
	 CONSTRAINT "FIELDDATASETTYPE_FK2" FOREIGN KEY ("DATASETTYPE_ID")
	  REFERENCES "DATASETTYPE" ("ID") ENABLE
   ) PCTFREE 10 PCTUSED 40 INITRANS 1 MAXTRANS 255 NOCOMPRESS LOGGING
  STORAGE(INITIAL 65536 NEXT 1048576 MINEXTENTS 1 MAXEXTENTS 2147483645
  PCTINCREASE 0 FREELISTS 1 FREELIST GROUPS 1 BUFFER_POOL DEFAULT)
  TABLESPACE "USERS" ;
  
CREATE TABLE "RESULT" 
   (	"ID" NUMBER(19,0) NOT NULL ENABLE, 
	"OCCURRENCE_ID" NUMBER(19,0) NOT NULL ENABLE, 
	"CONTROLS_ID" NUMBER(19,0) NOT NULL ENABLE, 
	"RESULT" VARCHAR2(20 CHAR), 
	 CONSTRAINT "RESULT_PK" PRIMARY KEY ("ID")
  USING INDEX PCTFREE 10 INITRANS 2 MAXTRANS 255 COMPUTE STATISTICS 
  STORAGE(INITIAL 65536 NEXT 1048576 MINEXTENTS 1 MAXEXTENTS 2147483645
  PCTINCREASE 0 FREELISTS 1 FREELIST GROUPS 1 BUFFER_POOL DEFAULT)
  TABLESPACE "USERS"  ENABLE, 
	 CONSTRAINT "RESULT_FK1" FOREIGN KEY ("CONTROLS_ID")
	  REFERENCES "CONTROLS" ("ID") ENABLE, 
	 CONSTRAINT "RESULT_FK2" FOREIGN KEY ("OCCURRENCE_ID")
	  REFERENCES "OCCURRENCE" ("ID") ENABLE
   ) PCTFREE 10 PCTUSED 40 INITRANS 1 MAXTRANS 255 NOCOMPRESS LOGGING
  STORAGE(INITIAL 65536 NEXT 1048576 MINEXTENTS 1 MAXEXTENTS 2147483645
  PCTINCREASE 0 FREELISTS 1 FREELIST GROUPS 1 BUFFER_POOL DEFAULT)
  TABLESPACE "USERS" ;
  
CREATE TABLE "CONTROLSFIELD" 
   (	"FIELD_ID" NUMBER(19,0) NOT NULL ENABLE, 
	"CONTROLS_ID" NUMBER(19,0) NOT NULL ENABLE, 
	 CONSTRAINT "CONTROLSFIELD_PK" PRIMARY KEY ("FIELD_ID", "CONTROLS_ID")
  USING INDEX PCTFREE 10 INITRANS 2 MAXTRANS 255 COMPUTE STATISTICS 
  STORAGE(INITIAL 65536 NEXT 1048576 MINEXTENTS 1 MAXEXTENTS 2147483645
  PCTINCREASE 0 FREELISTS 1 FREELIST GROUPS 1 BUFFER_POOL DEFAULT)
  TABLESPACE "USERS"  ENABLE, 
	 CONSTRAINT "CONTROLSFIELD_FK1" FOREIGN KEY ("FIELD_ID")
	  REFERENCES "FIELD" ("ID") ENABLE, 
	 CONSTRAINT "CONTROLSFIELD_FK2" FOREIGN KEY ("CONTROLS_ID")
	  REFERENCES "CONTROLS" ("ID") ENABLE
   ) PCTFREE 10 PCTUSED 40 INITRANS 1 MAXTRANS 255 NOCOMPRESS LOGGING
  STORAGE(INITIAL 65536 NEXT 1048576 MINEXTENTS 1 MAXEXTENTS 2147483645
  PCTINCREASE 0 FREELISTS 1 FREELIST GROUPS 1 BUFFER_POOL DEFAULT)
  TABLESPACE "USERS" ;
  
CREATE TABLE "RESULT" 
   (	"ID" NUMBER(19,0) NOT NULL ENABLE, 
	"OCCURRENCE_ID" NUMBER(19,0) NOT NULL ENABLE, 
	"CONTROLS_ID" NUMBER(19,0) NOT NULL ENABLE, 
	"RESULT" VARCHAR2(20 CHAR), 
	 CONSTRAINT "RESULT_PK" PRIMARY KEY ("ID")
  USING INDEX PCTFREE 10 INITRANS 2 MAXTRANS 255 COMPUTE STATISTICS 
  STORAGE(INITIAL 65536 NEXT 1048576 MINEXTENTS 1 MAXEXTENTS 2147483645
  PCTINCREASE 0 FREELISTS 1 FREELIST GROUPS 1 BUFFER_POOL DEFAULT)
  TABLESPACE "USERS"  ENABLE, 
	 CONSTRAINT "RESULT_FK1" FOREIGN KEY ("CONTROLS_ID")
	  REFERENCES "CONTROLS" ("ID") ENABLE, 
	 CONSTRAINT "RESULT_FK2" FOREIGN KEY ("OCCURRENCE_ID")
	  REFERENCES "OCCURRENCE" ("ID") ENABLE
   ) PCTFREE 10 PCTUSED 40 INITRANS 1 MAXTRANS 255 NOCOMPRESS LOGGING
  STORAGE(INITIAL 65536 NEXT 1048576 MINEXTENTS 1 MAXEXTENTS 2147483645
  PCTINCREASE 0 FREELISTS 1 FREELIST GROUPS 1 BUFFER_POOL DEFAULT)
  TABLESPACE "USERS" ;
  
ALTER TABLE OCCURRENCE ADD (
"CD_NOM" VARCHAR2(2000 CHAR),
"QUALIFIED" NUMBER(1,0) DEFAULT 0 NOT NULL ENABLE,
"GEOMETRY" "MDSYS"."SDO_GEOMETRY" ,
"TYPE_SOURCE" VARCHAR2(2000 CHAR), 
"RESTRICTION_LOCALISATION_P" VARCHAR2(2000 CHAR), 
"RESTRICTION_MAILLE" VARCHAR2(2000 CHAR), 
"RESTRICTION_COMMUNE" VARCHAR2(2000 CHAR), 
"RESTRICTION_TOTAL" VARCHAR2(2000 CHAR), 
"LIEN_ORIGINE" VARCHAR2(2000 CHAR), 
"NOM_SCIENTIFIQUE_CITE" VARCHAR2(2000 CHAR), 
"IDENTITE_OBS" VARCHAR2(2000 CHAR), 
"ORGANISME_OBS" VARCHAR2(2000 CHAR), 
"VALIDATEUR" VARCHAR2(2000 CHAR), 
"DATE_INF" VARCHAR2(2000 CHAR), 
"DATE_SUP" VARCHAR2(2000 CHAR), 
"CODE_INSEE" VARCHAR2(2000 CHAR), 
"NOM_COMMUNE" VARCHAR2(2000 CHAR), 
"POURCENTAGE_COMMUNE" VARCHAR2(2000 CHAR), 
"CODE_EN" VARCHAR2(2000 CHAR), 
"TYPE_EN" VARCHAR2(2000 CHAR), 
"POURCENTAGE_EN" VARCHAR2(2000 CHAR), 
"CODE_MAILLE" VARCHAR2(2000 CHAR), 
"POURCENTAGE_MAILLE" VARCHAR2(2000 CHAR)
)

Insert into FIELD (ID,NAME,CAMELCASE) values ('1','ID','id');
Insert into FIELD (ID,NAME,CAMELCASE) values ('2','ACCEPTEDNAMEUSAGE','acceptedNameUsage');
Insert into FIELD (ID,NAME,CAMELCASE) values ('3','ACCEPTEDNAMEUSAGEID','acceptedNameUsageID');
Insert into FIELD (ID,NAME,CAMELCASE) values ('4','ACCESSRIGHTS','accessRights');
Insert into FIELD (ID,NAME,CAMELCASE) values ('5','ASSOCIATEDMEDIA','associatedMedia');
Insert into FIELD (ID,NAME,CAMELCASE) values ('6','ASSOCIATEDOCCURRENCES','associatedOccurrences');
Insert into FIELD (ID,NAME,CAMELCASE) values ('7','ASSOCIATEDREFERENCES','associatedReferences');
Insert into FIELD (ID,NAME,CAMELCASE) values ('8','ASSOCIATEDSEQUENCES','associatedSequences');
Insert into FIELD (ID,NAME,CAMELCASE) values ('9','ASSOCIATEDTAXA','associatedTaxa');
Insert into FIELD (ID,NAME,CAMELCASE) values ('10','BASISOFRECORD','basisOfRecord');
Insert into FIELD (ID,NAME,CAMELCASE) values ('11','BED','bed');
Insert into FIELD (ID,NAME,CAMELCASE) values ('12','BEHAVIOR','behavior');
Insert into FIELD (ID,NAME,CAMELCASE) values ('13','BIBLIOGRAPHICCITATION','bibliographicCitation');
Insert into FIELD (ID,NAME,CAMELCASE) values ('14','CATALOGNUMBER','catalogNumber');
Insert into FIELD (ID,NAME,CAMELCASE) values ('15','CLASSS','classs');
Insert into FIELD (ID,NAME,CAMELCASE) values ('16','CLASSS_INTERPRETED','classs_interpreted');
Insert into FIELD (ID,NAME,CAMELCASE) values ('17','COLLECTIONCODE','collectionCode');
Insert into FIELD (ID,NAME,CAMELCASE) values ('18','COLLECTIONID','collectionID');
Insert into FIELD (ID,NAME,CAMELCASE) values ('19','CONTINENT','continent');
Insert into FIELD (ID,NAME,CAMELCASE) values ('20','COORDINATEPRECISION','coordinatePrecision');
Insert into FIELD (ID,NAME,CAMELCASE) values ('21','COORDINATEUNCERTAINTYINMETERS','coordinateUncertaintyInMeters');
Insert into FIELD (ID,NAME,CAMELCASE) values ('22','COUNTRY','country');
Insert into FIELD (ID,NAME,CAMELCASE) values ('23','COUNTRYCODE','countryCode');
Insert into FIELD (ID,NAME,CAMELCASE) values ('24','COUNTY','county');
Insert into FIELD (ID,NAME,CAMELCASE) values ('25','DATAGENERALIZATIONS','dataGeneralizations');
Insert into FIELD (ID,NAME,CAMELCASE) values ('26','DATASETID','datasetID');
Insert into FIELD (ID,NAME,CAMELCASE) values ('27','DATASETNAME','datasetName');
Insert into FIELD (ID,NAME,CAMELCASE) values ('28','DATEIDENTIFIED','dateIdentified');
Insert into FIELD (ID,NAME,CAMELCASE) values ('29','DAY','day');
Insert into FIELD (ID,NAME,CAMELCASE) values ('30','DECIMALLATITUDE','decimalLatitude');
Insert into FIELD (ID,NAME,CAMELCASE) values ('31','DECIMALLONGITUDE','decimalLongitude');
Insert into FIELD (ID,NAME,CAMELCASE) values ('32','DISPOSITION','disposition');
Insert into FIELD (ID,NAME,CAMELCASE) values ('33','DYNAMICPROPERTIES','dynamicProperties');
Insert into FIELD (ID,NAME,CAMELCASE) values ('34','EARLIESTAGEORLOWESTSTAGE','earliestAgeOrLowestStage');
Insert into FIELD (ID,NAME,CAMELCASE) values ('35','EARLIESTEONORLOWESTEONOTHEM','earliestEonOrLowestEonothem');
Insert into FIELD (ID,NAME,CAMELCASE) values ('36','EARLIESTEPOCHORLOWESTSERIES','earliestEpochOrLowestSeries');
Insert into FIELD (ID,NAME,CAMELCASE) values ('37','EARLIESTERAORLOWESTERATHEM','earliestEraOrLowestErathem');
Insert into FIELD (ID,NAME,CAMELCASE) values ('38','EARLIESTPERIODORLOWESTSYSTEM','earliestPeriodOrLowestSystem');
Insert into FIELD (ID,NAME,CAMELCASE) values ('39','ECATPARENTTAXONID','ecatParentTaxonId');
Insert into FIELD (ID,NAME,CAMELCASE) values ('40','ECATTAXONID','ecatTaxonId');
Insert into FIELD (ID,NAME,CAMELCASE) values ('41','ENDDAYOFYEAR','endDayofYear');
Insert into FIELD (ID,NAME,CAMELCASE) values ('42','ESTABLISHMENTMEANS','establishmentMeans');
Insert into FIELD (ID,NAME,CAMELCASE) values ('43','EVENTDATE','eventDate');
Insert into FIELD (ID,NAME,CAMELCASE) values ('44','EVENTID','eventID');
Insert into FIELD (ID,NAME,CAMELCASE) values ('45','EVENTREMARKS','eventRemarks');
Insert into FIELD (ID,NAME,CAMELCASE) values ('46','EVENTTIME','eventTime');
Insert into FIELD (ID,NAME,CAMELCASE) values ('47','FAMILY','family');
Insert into FIELD (ID,NAME,CAMELCASE) values ('48','FAMILY_INTERPRETED','family_interpreted');
Insert into FIELD (ID,NAME,CAMELCASE) values ('49','FIELDNOTES','fieldNotes');
Insert into FIELD (ID,NAME,CAMELCASE) values ('50','FIELDNUMBER','fieldNumber');
Insert into FIELD (ID,NAME,CAMELCASE) values ('51','FOOTPRINTSRS','footprintSRS');
Insert into FIELD (ID,NAME,CAMELCASE) values ('52','FOOTPRINTSPATIALFIT','footprintSpatialFit');
Insert into FIELD (ID,NAME,CAMELCASE) values ('53','FOOTPRINTWKT','footprintWKT');
Insert into FIELD (ID,NAME,CAMELCASE) values ('54','FORMATION','formation');
Insert into FIELD (ID,NAME,CAMELCASE) values ('55','GENUS','genus');
Insert into FIELD (ID,NAME,CAMELCASE) values ('56','GENUS_INTERPRETED','genus_interpreted');
Insert into FIELD (ID,NAME,CAMELCASE) values ('57','GEODETICDATUM','geodeticDatum');
Insert into FIELD (ID,NAME,CAMELCASE) values ('58','GEOLOGICALCONTEXTID','geologicalContextID');
Insert into FIELD (ID,NAME,CAMELCASE) values ('59','GEOREFERENCEPROTOCOL','georeferenceProtocol');
Insert into FIELD (ID,NAME,CAMELCASE) values ('60','GEOREFERENCEREMARKS','georeferenceRemarks');
Insert into FIELD (ID,NAME,CAMELCASE) values ('61','GEOREFERENCESOURCES','georeferenceSources');
Insert into FIELD (ID,NAME,CAMELCASE) values ('62','GEOREFERENCEVERIFSTATUS','georeferenceVerifStatus');
Insert into FIELD (ID,NAME,CAMELCASE) values ('63','GEOREFERENCEDBY','georeferencedBy');
Insert into FIELD (ID,NAME,CAMELCASE) values ('64','GEOREFERENCEDDATE','georeferencedDate');
Insert into FIELD (ID,NAME,CAMELCASE) values ('65','GROUPP','groupp');
Insert into FIELD (ID,NAME,CAMELCASE) values ('66','HABITAT','habitat');
Insert into FIELD (ID,NAME,CAMELCASE) values ('67','HIGHERCLASSIFICATION','higherClassification');
Insert into FIELD (ID,NAME,CAMELCASE) values ('68','HIGHERGEOGRAPHY','higherGeography');
Insert into FIELD (ID,NAME,CAMELCASE) values ('69','HIGHERGEOGRAPHYID','higherGeographyID');
Insert into FIELD (ID,NAME,CAMELCASE) values ('70','HIGHESTBIOSTRATIGRAPHICZONE','highestBiostratigraphicZone');
Insert into FIELD (ID,NAME,CAMELCASE) values ('71','IDENTIFVERIFICATIONSTATUS','identifVerificationStatus');
Insert into FIELD (ID,NAME,CAMELCASE) values ('72','IDENTIFICATIONID','identificationID');
Insert into FIELD (ID,NAME,CAMELCASE) values ('73','IDENTIFICATIONQUALIFIER','identificationQualifier');
Insert into FIELD (ID,NAME,CAMELCASE) values ('74','IDENTIFICATIONREMARKS','identificationRemarks');
Insert into FIELD (ID,NAME,CAMELCASE) values ('75','IDENTIFIEDBY','identifiedBy');
Insert into FIELD (ID,NAME,CAMELCASE) values ('76','INDIVIDUALCOUNT','individualCount');
Insert into FIELD (ID,NAME,CAMELCASE) values ('77','INDIVIDUALID','individualID');
Insert into FIELD (ID,NAME,CAMELCASE) values ('78','INFORMATIONWITHHELD','informationWithheld');
Insert into FIELD (ID,NAME,CAMELCASE) values ('79','INFRASPECIFICEPITHET','infraSpecificEpithet');
Insert into FIELD (ID,NAME,CAMELCASE) values ('80','INFRASPECIFICEPITHET_INTER','infraSpecificEpithet_inter');
Insert into FIELD (ID,NAME,CAMELCASE) values ('81','INSTITUTIONCODE','institutionCode');
Insert into FIELD (ID,NAME,CAMELCASE) values ('82','INSTITUTIONID','institutionID');
Insert into FIELD (ID,NAME,CAMELCASE) values ('83','ISLAND','island');
Insert into FIELD (ID,NAME,CAMELCASE) values ('84','ISLANDGROUP','islandGroup');
Insert into FIELD (ID,NAME,CAMELCASE) values ('85','KINGDOM','kingdom');
Insert into FIELD (ID,NAME,CAMELCASE) values ('86','KINGDOM_INTERPRETED','kingdom_interpreted');
Insert into FIELD (ID,NAME,CAMELCASE) values ('87','LANGUAGE','language');
Insert into FIELD (ID,NAME,CAMELCASE) values ('88','LATESTAGEORHIGHESTSTAGE','latestAgeOrHighestStage');
Insert into FIELD (ID,NAME,CAMELCASE) values ('89','LATESTEONORHIGHESTEONOTHEM','latestEonOrHighestEonothem');
Insert into FIELD (ID,NAME,CAMELCASE) values ('90','LATESTEPOCHORHIGHESTSERIES','latestEpochOrHighestSeries');
Insert into FIELD (ID,NAME,CAMELCASE) values ('91','LATESTERAORHIGHESTERATHEM','latestEraOrHighestErathem');
Insert into FIELD (ID,NAME,CAMELCASE) values ('92','LATESTPERIODORHIGHESTSYSTEM','latestPeriodOrHighestSystem');
Insert into FIELD (ID,NAME,CAMELCASE) values ('93','LIFESTAGE','lifeStage');
Insert into FIELD (ID,NAME,CAMELCASE) values ('94','LITHOSTRATIGRAPHICTERMS','lithostratigraphicTerms');
Insert into FIELD (ID,NAME,CAMELCASE) values ('95','LOCALITY','locality');
Insert into FIELD (ID,NAME,CAMELCASE) values ('96','LOCATIONACCORDINGTO','locationAccordingTo');
Insert into FIELD (ID,NAME,CAMELCASE) values ('97','LOCATIONID','locationID');
Insert into FIELD (ID,NAME,CAMELCASE) values ('98','LOCATIONREMARKS','locationRemarks');
Insert into FIELD (ID,NAME,CAMELCASE) values ('99','LOWESTBIOSTRATIGRAPHICZONE','lowestBiostratigraphicZone');
Insert into FIELD (ID,NAME,CAMELCASE) values ('100','MAXDISTABOVESURFACEINMETERS','maxDistAboveSurfaceInMeters');
Insert into FIELD (ID,NAME,CAMELCASE) values ('101','MAXIMUMDEPTHINMETERS','maximumDepthInMeters');
Insert into FIELD (ID,NAME,CAMELCASE) values ('102','MAXIMUMELEVATIONINMETERS','maximumElevationInMeters');
Insert into FIELD (ID,NAME,CAMELCASE) values ('103','MEMBER','member');
Insert into FIELD (ID,NAME,CAMELCASE) values ('104','MINDISTABOVESURFACEINMETERS','minDistAboveSurfaceInMeters');
Insert into FIELD (ID,NAME,CAMELCASE) values ('105','MINIMUMDEPTHINMETERS','minimumDepthInMeters');
Insert into FIELD (ID,NAME,CAMELCASE) values ('106','MINIMUMELEVATIONINMETERS','minimumElevationInMeters');
Insert into FIELD (ID,NAME,CAMELCASE) values ('107','MODIFIED','modified');
Insert into FIELD (ID,NAME,CAMELCASE) values ('108','MONTH','month');
Insert into FIELD (ID,NAME,CAMELCASE) values ('109','MUNICIPALITY','municipality');
Insert into FIELD (ID,NAME,CAMELCASE) values ('110','NAMEACCORDINGTO','nameAccordingTo');
Insert into FIELD (ID,NAME,CAMELCASE) values ('111','NAMEACCORDINGTOID','nameAccordingToID');
Insert into FIELD (ID,NAME,CAMELCASE) values ('112','NAMEPUBLISHEDIN','namePublishedIn');
Insert into FIELD (ID,NAME,CAMELCASE) values ('113','NAMEPUBLISHEDINID','namePublishedInID');
Insert into FIELD (ID,NAME,CAMELCASE) values ('114','NAMEPUBLISHEDINYEAR','namePublishedInYear');
Insert into FIELD (ID,NAME,CAMELCASE) values ('115','NOMENCLATURALCODE','nomenclaturalCode');
Insert into FIELD (ID,NAME,CAMELCASE) values ('116','NOMENCLATURALSTATUS','nomenclaturalStatus');
Insert into FIELD (ID,NAME,CAMELCASE) values ('117','OCCURRENCEID','occurrenceID');
Insert into FIELD (ID,NAME,CAMELCASE) values ('118','OCCURRENCEREMARKS','occurrenceRemarks');
Insert into FIELD (ID,NAME,CAMELCASE) values ('119','OCCURRENCESTATUS','occurrenceStatus');
Insert into FIELD (ID,NAME,CAMELCASE) values ('120','ORDERR','orderr');
Insert into FIELD (ID,NAME,CAMELCASE) values ('121','ORDERR_INTERPRETED','orderr_interpreted');
Insert into FIELD (ID,NAME,CAMELCASE) values ('122','ORIGINALNAMEUSAGE','originalNameUsage');
Insert into FIELD (ID,NAME,CAMELCASE) values ('123','ORIGINALNAMEUSAGEID','originalNameUsageID');
Insert into FIELD (ID,NAME,CAMELCASE) values ('124','OTHERCATALOGNUMBERS','otherCatalogNumbers');
Insert into FIELD (ID,NAME,CAMELCASE) values ('125','OWNERINSTITUTIONCODE','ownerInstitutionCode');
Insert into FIELD (ID,NAME,CAMELCASE) values ('126','PARENTNAMEUSAGE','parentNameUsage');
Insert into FIELD (ID,NAME,CAMELCASE) values ('127','PARENTNAMEUSAGEID','parentNameUsageID');
Insert into FIELD (ID,NAME,CAMELCASE) values ('128','PHYLUM','phylum');
Insert into FIELD (ID,NAME,CAMELCASE) values ('129','PHYLUM_INTERPRETED','phylum_interpreted');
Insert into FIELD (ID,NAME,CAMELCASE) values ('130','POINTRADIUSSPATIALFIT','pointRadiusSpatialFit');
Insert into FIELD (ID,NAME,CAMELCASE) values ('131','PREPARATIONS','preparations');
Insert into FIELD (ID,NAME,CAMELCASE) values ('132','PREVIOUSIDENTIFICATIONS','previousIdentifications');
Insert into FIELD (ID,NAME,CAMELCASE) values ('133','RECORDNUMBER','recordNumber');
Insert into FIELD (ID,NAME,CAMELCASE) values ('134','RECORDEDBY','recordedBy');
Insert into FIELD (ID,NAME,CAMELCASE) values ('135','REFERENCESS','referencess');
Insert into FIELD (ID,NAME,CAMELCASE) values ('136','REPRODUCTIVECONDITION','reproductiveCondition');
Insert into FIELD (ID,NAME,CAMELCASE) values ('137','RIGHTS','rights');
Insert into FIELD (ID,NAME,CAMELCASE) values ('138','RIGHTSHOLDER','rightsHolder');
Insert into FIELD (ID,NAME,CAMELCASE) values ('139','SAMPLINGEFFORT','samplingEffort');
Insert into FIELD (ID,NAME,CAMELCASE) values ('140','SAMPLINGPROTOCOL','samplingProtocol');
Insert into FIELD (ID,NAME,CAMELCASE) values ('141','SCIENTIFICNAME','scientificName');
Insert into FIELD (ID,NAME,CAMELCASE) values ('142','SCIENTIFICNAMEAUTHORSHIP','scientificNameAuthorship');
Insert into FIELD (ID,NAME,CAMELCASE) values ('143','SCIENTIFICNAMEID','scientificNameID');
Insert into FIELD (ID,NAME,CAMELCASE) values ('144','SEX','sex');
Insert into FIELD (ID,NAME,CAMELCASE) values ('145','SPECIFICEPITHET','specificEpithet');
Insert into FIELD (ID,NAME,CAMELCASE) values ('146','SPECIFICEPITHET_INTERPRETED','specificEpithet_interpreted');
Insert into FIELD (ID,NAME,CAMELCASE) values ('147','STARTDAYOFYEAR','startDayOfYear');
Insert into FIELD (ID,NAME,CAMELCASE) values ('148','STATEPROVINCE','stateProvince');
Insert into FIELD (ID,NAME,CAMELCASE) values ('149','SUBGENUS','subgenus');
Insert into FIELD (ID,NAME,CAMELCASE) values ('150','SUBGENUS_INTERPRETED','subgenus_interpreted');
Insert into FIELD (ID,NAME,CAMELCASE) values ('151','TAXONCONCEPTID','taxonConceptID');
Insert into FIELD (ID,NAME,CAMELCASE) values ('152','TAXONID','taxonID');
Insert into FIELD (ID,NAME,CAMELCASE) values ('153','TAXONRANK','taxonRank');
Insert into FIELD (ID,NAME,CAMELCASE) values ('154','TAXONREMARKS','taxonRemarks');
Insert into FIELD (ID,NAME,CAMELCASE) values ('155','TAXONSTATUS','taxonStatus');
Insert into FIELD (ID,NAME,CAMELCASE) values ('156','TAXONOMICSTATUS','taxonomicStatus');
Insert into FIELD (ID,NAME,CAMELCASE) values ('157','TYPESTATUS','typeStatus');
Insert into FIELD (ID,NAME,CAMELCASE) values ('158','TYPEE','typee');
Insert into FIELD (ID,NAME,CAMELCASE) values ('159','VERBATIMCOORDINATESYSTEM','verbatimCoordinateSystem');
Insert into FIELD (ID,NAME,CAMELCASE) values ('160','VERBATIMCOORDINATES','verbatimCoordinates');
Insert into FIELD (ID,NAME,CAMELCASE) values ('161','VERBATIMDEPTH','verbatimDepth');
Insert into FIELD (ID,NAME,CAMELCASE) values ('162','VERBATIMELEVATION','verbatimElevation');
Insert into FIELD (ID,NAME,CAMELCASE) values ('163','VERBATIMEVENTDATE','verbatimEventDate');
Insert into FIELD (ID,NAME,CAMELCASE) values ('164','VERBATIMLATITUDE','verbatimLatitude');
Insert into FIELD (ID,NAME,CAMELCASE) values ('165','VERBATIMLOCALITY','verbatimLocality');
Insert into FIELD (ID,NAME,CAMELCASE) values ('166','VERBATIMLONGITUDE','verbatimLongitude');
Insert into FIELD (ID,NAME,CAMELCASE) values ('167','VERBATIMSRS','verbatimSRS');
Insert into FIELD (ID,NAME,CAMELCASE) values ('168','VERBATIMTAXONRANK','verbatimTaxonRank');
Insert into FIELD (ID,NAME,CAMELCASE) values ('169','VERNACULARNAME','vernacularName');
Insert into FIELD (ID,NAME,CAMELCASE) values ('170','WATERBODY','waterBody');
Insert into FIELD (ID,NAME,CAMELCASE) values ('171','YEAR','year');
Insert into FIELD (ID,NAME,CAMELCASE) values ('172','DATASET_ID','datasetID');
Insert into FIELD (ID,NAME,CAMELCASE) values ('173','TYPE_SOURCE','typeSource');
Insert into FIELD (ID,NAME,CAMELCASE) values ('174','RESTRICTION_LOCALISATION_P','restrictionLocalisationP');
Insert into FIELD (ID,NAME,CAMELCASE) values ('175','RESTRICTION_MAILLE','restrictionMaille');
Insert into FIELD (ID,NAME,CAMELCASE) values ('176','RESTRICTION_COMMUNE','restrictionCommune');
Insert into FIELD (ID,NAME,CAMELCASE) values ('177','RESTRICTION_TOTAL','restrictionTotal');
Insert into FIELD (ID,NAME,CAMELCASE) values ('178','LIEN_ORIGINE','lienOrigine');
Insert into FIELD (ID,NAME,CAMELCASE) values ('179','NOM_SCIENTIFIQUE_CITE','nomScientifiqueCite');
Insert into FIELD (ID,NAME,CAMELCASE) values ('180','IDENTITE_OBS','identiteOBS');
Insert into FIELD (ID,NAME,CAMELCASE) values ('181','ORGANISME_OBS','organismeOBS');
Insert into FIELD (ID,NAME,CAMELCASE) values ('182','VALIDATEUR','validateur');
Insert into FIELD (ID,NAME,CAMELCASE) values ('183','DATE_INF','dateInf');
Insert into FIELD (ID,NAME,CAMELCASE) values ('184','DATE_SUP','dateSup');
Insert into FIELD (ID,NAME,CAMELCASE) values ('185','CODE_INSEE','codeInsee');
Insert into FIELD (ID,NAME,CAMELCASE) values ('186','NOM_COMMUNE','nomCommune');
Insert into FIELD (ID,NAME,CAMELCASE) values ('187','POURCENTAGE_COMMUNE','pourcentageCommune');
Insert into FIELD (ID,NAME,CAMELCASE) values ('188','CODE_EN','codeEN');
Insert into FIELD (ID,NAME,CAMELCASE) values ('189','TYPE_EN','typeEN');
Insert into FIELD (ID,NAME,CAMELCASE) values ('190','POURCENTAGE_EN','pourcentageEN');
Insert into FIELD (ID,NAME,CAMELCASE) values ('191','CODE_MAILLE','codeMaille');
Insert into FIELD (ID,NAME,CAMELCASE) values ('192','POURCENTAGE_MAILLE','pourcentageMaille');
Insert into FIELD (ID,NAME,CAMELCASE) values ('193','CD_NOM','cdNom');
Insert into FIELD (ID,NAME,CAMELCASE) values ('194','QUALIFIED','qualified');
Insert into FIELD (ID,NAME,CAMELCASE) values ('195','GEOMETRY','geometry');

Insert into DATASETTYPE (ID,NAME) values ('1','biocase');
Insert into DATASETTYPE (ID,NAME) values ('2','digir');
Insert into DATASETTYPE (ID,NAME) values ('3','inpn');
Insert into DATASETTYPE (ID,NAME) values ('4','ipt');
Insert into DATASETTYPE (ID,NAME) values ('5','tapir');

Insert into FIELDDATASETTYPE (DATASETTYPE_ID,FIELD_ID) values ('1','4');
Insert into FIELDDATASETTYPE (DATASETTYPE_ID,FIELD_ID) values ('1','5');
Insert into FIELDDATASETTYPE (DATASETTYPE_ID,FIELD_ID) values ('1','7');
Insert into FIELDDATASETTYPE (DATASETTYPE_ID,FIELD_ID) values ('1','8');
Insert into FIELDDATASETTYPE (DATASETTYPE_ID,FIELD_ID) values ('1','9');
Insert into FIELDDATASETTYPE (DATASETTYPE_ID,FIELD_ID) values ('1','10');
Insert into FIELDDATASETTYPE (DATASETTYPE_ID,FIELD_ID) values ('1','13');
Insert into FIELDDATASETTYPE (DATASETTYPE_ID,FIELD_ID) values ('1','14');
Insert into FIELDDATASETTYPE (DATASETTYPE_ID,FIELD_ID) values ('1','17');
Insert into FIELDDATASETTYPE (DATASETTYPE_ID,FIELD_ID) values ('1','18');
Insert into FIELDDATASETTYPE (DATASETTYPE_ID,FIELD_ID) values ('1','27');
Insert into FIELDDATASETTYPE (DATASETTYPE_ID,FIELD_ID) values ('1','32');
Insert into FIELDDATASETTYPE (DATASETTYPE_ID,FIELD_ID) values ('1','42');
Insert into FIELDDATASETTYPE (DATASETTYPE_ID,FIELD_ID) values ('1','43');
Insert into FIELDDATASETTYPE (DATASETTYPE_ID,FIELD_ID) values ('1','44');
Insert into FIELDDATASETTYPE (DATASETTYPE_ID,FIELD_ID) values ('1','46');
Insert into FIELDDATASETTYPE (DATASETTYPE_ID,FIELD_ID) values ('1','76');
Insert into FIELDDATASETTYPE (DATASETTYPE_ID,FIELD_ID) values ('1','77');
Insert into FIELDDATASETTYPE (DATASETTYPE_ID,FIELD_ID) values ('1','78');
Insert into FIELDDATASETTYPE (DATASETTYPE_ID,FIELD_ID) values ('1','81');
Insert into FIELDDATASETTYPE (DATASETTYPE_ID,FIELD_ID) values ('1','82');
Insert into FIELDDATASETTYPE (DATASETTYPE_ID,FIELD_ID) values ('1','93');
Insert into FIELDDATASETTYPE (DATASETTYPE_ID,FIELD_ID) values ('1','117');
Insert into FIELDDATASETTYPE (DATASETTYPE_ID,FIELD_ID) values ('1','118');
Insert into FIELDDATASETTYPE (DATASETTYPE_ID,FIELD_ID) values ('1','124');
Insert into FIELDDATASETTYPE (DATASETTYPE_ID,FIELD_ID) values ('1','131');
Insert into FIELDDATASETTYPE (DATASETTYPE_ID,FIELD_ID) values ('1','132');
Insert into FIELDDATASETTYPE (DATASETTYPE_ID,FIELD_ID) values ('1','133');
Insert into FIELDDATASETTYPE (DATASETTYPE_ID,FIELD_ID) values ('1','134');
Insert into FIELDDATASETTYPE (DATASETTYPE_ID,FIELD_ID) values ('1','135');
Insert into FIELDDATASETTYPE (DATASETTYPE_ID,FIELD_ID) values ('1','137');
Insert into FIELDDATASETTYPE (DATASETTYPE_ID,FIELD_ID) values ('1','138');
Insert into FIELDDATASETTYPE (DATASETTYPE_ID,FIELD_ID) values ('1','140');
Insert into FIELDDATASETTYPE (DATASETTYPE_ID,FIELD_ID) values ('1','144');
Insert into FIELDDATASETTYPE (DATASETTYPE_ID,FIELD_ID) values ('1','147');
Insert into FIELDDATASETTYPE (DATASETTYPE_ID,FIELD_ID) values ('1','158');
Insert into FIELDDATASETTYPE (DATASETTYPE_ID,FIELD_ID) values ('1','172');
Insert into FIELDDATASETTYPE (DATASETTYPE_ID,FIELD_ID) values ('2','6');
Insert into FIELDDATASETTYPE (DATASETTYPE_ID,FIELD_ID) values ('2','10');
Insert into FIELDDATASETTYPE (DATASETTYPE_ID,FIELD_ID) values ('2','14');
Insert into FIELDDATASETTYPE (DATASETTYPE_ID,FIELD_ID) values ('2','15');
Insert into FIELDDATASETTYPE (DATASETTYPE_ID,FIELD_ID) values ('2','17');
Insert into FIELDDATASETTYPE (DATASETTYPE_ID,FIELD_ID) values ('2','20');
Insert into FIELDDATASETTYPE (DATASETTYPE_ID,FIELD_ID) values ('2','22');
Insert into FIELDDATASETTYPE (DATASETTYPE_ID,FIELD_ID) values ('2','24');
Insert into FIELDDATASETTYPE (DATASETTYPE_ID,FIELD_ID) values ('2','28');
Insert into FIELDDATASETTYPE (DATASETTYPE_ID,FIELD_ID) values ('2','30');
Insert into FIELDDATASETTYPE (DATASETTYPE_ID,FIELD_ID) values ('2','31');
Insert into FIELDDATASETTYPE (DATASETTYPE_ID,FIELD_ID) values ('2','43');
Insert into FIELDDATASETTYPE (DATASETTYPE_ID,FIELD_ID) values ('2','47');
Insert into FIELDDATASETTYPE (DATASETTYPE_ID,FIELD_ID) values ('2','50');
Insert into FIELDDATASETTYPE (DATASETTYPE_ID,FIELD_ID) values ('2','75');
Insert into FIELDDATASETTYPE (DATASETTYPE_ID,FIELD_ID) values ('2','76');
Insert into FIELDDATASETTYPE (DATASETTYPE_ID,FIELD_ID) values ('2','79');
Insert into FIELDDATASETTYPE (DATASETTYPE_ID,FIELD_ID) values ('2','81');
Insert into FIELDDATASETTYPE (DATASETTYPE_ID,FIELD_ID) values ('2','85');
Insert into FIELDDATASETTYPE (DATASETTYPE_ID,FIELD_ID) values ('2','95');
Insert into FIELDDATASETTYPE (DATASETTYPE_ID,FIELD_ID) values ('2','101');
Insert into FIELDDATASETTYPE (DATASETTYPE_ID,FIELD_ID) values ('2','102');
Insert into FIELDDATASETTYPE (DATASETTYPE_ID,FIELD_ID) values ('2','105');
Insert into FIELDDATASETTYPE (DATASETTYPE_ID,FIELD_ID) values ('2','106');
Insert into FIELDDATASETTYPE (DATASETTYPE_ID,FIELD_ID) values ('2','118');
Insert into FIELDDATASETTYPE (DATASETTYPE_ID,FIELD_ID) values ('2','120');
Insert into FIELDDATASETTYPE (DATASETTYPE_ID,FIELD_ID) values ('2','124');
Insert into FIELDDATASETTYPE (DATASETTYPE_ID,FIELD_ID) values ('2','128');
Insert into FIELDDATASETTYPE (DATASETTYPE_ID,FIELD_ID) values ('2','131');
Insert into FIELDDATASETTYPE (DATASETTYPE_ID,FIELD_ID) values ('2','133');
Insert into FIELDDATASETTYPE (DATASETTYPE_ID,FIELD_ID) values ('2','134');
Insert into FIELDDATASETTYPE (DATASETTYPE_ID,FIELD_ID) values ('2','141');
Insert into FIELDDATASETTYPE (DATASETTYPE_ID,FIELD_ID) values ('2','142');
Insert into FIELDDATASETTYPE (DATASETTYPE_ID,FIELD_ID) values ('2','144');
Insert into FIELDDATASETTYPE (DATASETTYPE_ID,FIELD_ID) values ('2','145');
Insert into FIELDDATASETTYPE (DATASETTYPE_ID,FIELD_ID) values ('2','147');
Insert into FIELDDATASETTYPE (DATASETTYPE_ID,FIELD_ID) values ('2','148');
Insert into FIELDDATASETTYPE (DATASETTYPE_ID,FIELD_ID) values ('2','157');
Insert into FIELDDATASETTYPE (DATASETTYPE_ID,FIELD_ID) values ('2','170');
Insert into FIELDDATASETTYPE (DATASETTYPE_ID,FIELD_ID) values ('3','14');
Insert into FIELDDATASETTYPE (DATASETTYPE_ID,FIELD_ID) values ('3','21');
Insert into FIELDDATASETTYPE (DATASETTYPE_ID,FIELD_ID) values ('3','24');
Insert into FIELDDATASETTYPE (DATASETTYPE_ID,FIELD_ID) values ('3','30');
Insert into FIELDDATASETTYPE (DATASETTYPE_ID,FIELD_ID) values ('3','31');
Insert into FIELDDATASETTYPE (DATASETTYPE_ID,FIELD_ID) values ('3','53');
Insert into FIELDDATASETTYPE (DATASETTYPE_ID,FIELD_ID) values ('3','75');
Insert into FIELDDATASETTYPE (DATASETTYPE_ID,FIELD_ID) values ('3','95');
Insert into FIELDDATASETTYPE (DATASETTYPE_ID,FIELD_ID) values ('3','110');
Insert into FIELDDATASETTYPE (DATASETTYPE_ID,FIELD_ID) values ('3','119');
Insert into FIELDDATASETTYPE (DATASETTYPE_ID,FIELD_ID) values ('3','133');
Insert into FIELDDATASETTYPE (DATASETTYPE_ID,FIELD_ID) values ('3','152');
Insert into FIELDDATASETTYPE (DATASETTYPE_ID,FIELD_ID) values ('3','173');
Insert into FIELDDATASETTYPE (DATASETTYPE_ID,FIELD_ID) values ('3','174');
Insert into FIELDDATASETTYPE (DATASETTYPE_ID,FIELD_ID) values ('3','175');
Insert into FIELDDATASETTYPE (DATASETTYPE_ID,FIELD_ID) values ('3','176');
Insert into FIELDDATASETTYPE (DATASETTYPE_ID,FIELD_ID) values ('3','177');
Insert into FIELDDATASETTYPE (DATASETTYPE_ID,FIELD_ID) values ('3','178');
Insert into FIELDDATASETTYPE (DATASETTYPE_ID,FIELD_ID) values ('3','179');
Insert into FIELDDATASETTYPE (DATASETTYPE_ID,FIELD_ID) values ('3','180');
Insert into FIELDDATASETTYPE (DATASETTYPE_ID,FIELD_ID) values ('3','181');
Insert into FIELDDATASETTYPE (DATASETTYPE_ID,FIELD_ID) values ('3','182');
Insert into FIELDDATASETTYPE (DATASETTYPE_ID,FIELD_ID) values ('3','183');
Insert into FIELDDATASETTYPE (DATASETTYPE_ID,FIELD_ID) values ('3','184');
Insert into FIELDDATASETTYPE (DATASETTYPE_ID,FIELD_ID) values ('3','185');
Insert into FIELDDATASETTYPE (DATASETTYPE_ID,FIELD_ID) values ('3','186');
Insert into FIELDDATASETTYPE (DATASETTYPE_ID,FIELD_ID) values ('3','187');
Insert into FIELDDATASETTYPE (DATASETTYPE_ID,FIELD_ID) values ('3','188');
Insert into FIELDDATASETTYPE (DATASETTYPE_ID,FIELD_ID) values ('3','189');
Insert into FIELDDATASETTYPE (DATASETTYPE_ID,FIELD_ID) values ('3','190');
Insert into FIELDDATASETTYPE (DATASETTYPE_ID,FIELD_ID) values ('3','191');
Insert into FIELDDATASETTYPE (DATASETTYPE_ID,FIELD_ID) values ('3','192');
Insert into FIELDDATASETTYPE (DATASETTYPE_ID,FIELD_ID) values ('4','2');
Insert into FIELDDATASETTYPE (DATASETTYPE_ID,FIELD_ID) values ('4','3');
Insert into FIELDDATASETTYPE (DATASETTYPE_ID,FIELD_ID) values ('4','5');
Insert into FIELDDATASETTYPE (DATASETTYPE_ID,FIELD_ID) values ('4','6');
Insert into FIELDDATASETTYPE (DATASETTYPE_ID,FIELD_ID) values ('4','7');
Insert into FIELDDATASETTYPE (DATASETTYPE_ID,FIELD_ID) values ('4','8');
Insert into FIELDDATASETTYPE (DATASETTYPE_ID,FIELD_ID) values ('4','9');
Insert into FIELDDATASETTYPE (DATASETTYPE_ID,FIELD_ID) values ('4','10');
Insert into FIELDDATASETTYPE (DATASETTYPE_ID,FIELD_ID) values ('4','11');
Insert into FIELDDATASETTYPE (DATASETTYPE_ID,FIELD_ID) values ('4','12');
Insert into FIELDDATASETTYPE (DATASETTYPE_ID,FIELD_ID) values ('4','14');
Insert into FIELDDATASETTYPE (DATASETTYPE_ID,FIELD_ID) values ('4','15');
Insert into FIELDDATASETTYPE (DATASETTYPE_ID,FIELD_ID) values ('4','17');
Insert into FIELDDATASETTYPE (DATASETTYPE_ID,FIELD_ID) values ('4','18');
Insert into FIELDDATASETTYPE (DATASETTYPE_ID,FIELD_ID) values ('4','19');
Insert into FIELDDATASETTYPE (DATASETTYPE_ID,FIELD_ID) values ('4','20');
Insert into FIELDDATASETTYPE (DATASETTYPE_ID,FIELD_ID) values ('4','21');
Insert into FIELDDATASETTYPE (DATASETTYPE_ID,FIELD_ID) values ('4','22');
Insert into FIELDDATASETTYPE (DATASETTYPE_ID,FIELD_ID) values ('4','23');
Insert into FIELDDATASETTYPE (DATASETTYPE_ID,FIELD_ID) values ('4','24');
Insert into FIELDDATASETTYPE (DATASETTYPE_ID,FIELD_ID) values ('4','25');
Insert into FIELDDATASETTYPE (DATASETTYPE_ID,FIELD_ID) values ('4','27');
Insert into FIELDDATASETTYPE (DATASETTYPE_ID,FIELD_ID) values ('4','28');
Insert into FIELDDATASETTYPE (DATASETTYPE_ID,FIELD_ID) values ('4','30');
Insert into FIELDDATASETTYPE (DATASETTYPE_ID,FIELD_ID) values ('4','31');
Insert into FIELDDATASETTYPE (DATASETTYPE_ID,FIELD_ID) values ('4','32');
Insert into FIELDDATASETTYPE (DATASETTYPE_ID,FIELD_ID) values ('4','33');
Insert into FIELDDATASETTYPE (DATASETTYPE_ID,FIELD_ID) values ('4','34');
Insert into FIELDDATASETTYPE (DATASETTYPE_ID,FIELD_ID) values ('4','35');
Insert into FIELDDATASETTYPE (DATASETTYPE_ID,FIELD_ID) values ('4','36');
Insert into FIELDDATASETTYPE (DATASETTYPE_ID,FIELD_ID) values ('4','37');
Insert into FIELDDATASETTYPE (DATASETTYPE_ID,FIELD_ID) values ('4','38');
Insert into FIELDDATASETTYPE (DATASETTYPE_ID,FIELD_ID) values ('4','42');
Insert into FIELDDATASETTYPE (DATASETTYPE_ID,FIELD_ID) values ('4','43');
Insert into FIELDDATASETTYPE (DATASETTYPE_ID,FIELD_ID) values ('4','44');
Insert into FIELDDATASETTYPE (DATASETTYPE_ID,FIELD_ID) values ('4','47');
Insert into FIELDDATASETTYPE (DATASETTYPE_ID,FIELD_ID) values ('4','51');
Insert into FIELDDATASETTYPE (DATASETTYPE_ID,FIELD_ID) values ('4','52');
Insert into FIELDDATASETTYPE (DATASETTYPE_ID,FIELD_ID) values ('4','53');
Insert into FIELDDATASETTYPE (DATASETTYPE_ID,FIELD_ID) values ('4','54');
Insert into FIELDDATASETTYPE (DATASETTYPE_ID,FIELD_ID) values ('4','55');
Insert into FIELDDATASETTYPE (DATASETTYPE_ID,FIELD_ID) values ('4','57');
Insert into FIELDDATASETTYPE (DATASETTYPE_ID,FIELD_ID) values ('4','58');
Insert into FIELDDATASETTYPE (DATASETTYPE_ID,FIELD_ID) values ('4','59');
Insert into FIELDDATASETTYPE (DATASETTYPE_ID,FIELD_ID) values ('4','60');
Insert into FIELDDATASETTYPE (DATASETTYPE_ID,FIELD_ID) values ('4','61');
Insert into FIELDDATASETTYPE (DATASETTYPE_ID,FIELD_ID) values ('4','62');
Insert into FIELDDATASETTYPE (DATASETTYPE_ID,FIELD_ID) values ('4','63');
Insert into FIELDDATASETTYPE (DATASETTYPE_ID,FIELD_ID) values ('4','65');
Insert into FIELDDATASETTYPE (DATASETTYPE_ID,FIELD_ID) values ('4','67');
Insert into FIELDDATASETTYPE (DATASETTYPE_ID,FIELD_ID) values ('4','68');
Insert into FIELDDATASETTYPE (DATASETTYPE_ID,FIELD_ID) values ('4','69');
Insert into FIELDDATASETTYPE (DATASETTYPE_ID,FIELD_ID) values ('4','70');
Insert into FIELDDATASETTYPE (DATASETTYPE_ID,FIELD_ID) values ('4','72');
Insert into FIELDDATASETTYPE (DATASETTYPE_ID,FIELD_ID) values ('4','73');
Insert into FIELDDATASETTYPE (DATASETTYPE_ID,FIELD_ID) values ('4','74');
Insert into FIELDDATASETTYPE (DATASETTYPE_ID,FIELD_ID) values ('4','75');
Insert into FIELDDATASETTYPE (DATASETTYPE_ID,FIELD_ID) values ('4','76');
Insert into FIELDDATASETTYPE (DATASETTYPE_ID,FIELD_ID) values ('4','77');
Insert into FIELDDATASETTYPE (DATASETTYPE_ID,FIELD_ID) values ('4','78');
Insert into FIELDDATASETTYPE (DATASETTYPE_ID,FIELD_ID) values ('4','79');
Insert into FIELDDATASETTYPE (DATASETTYPE_ID,FIELD_ID) values ('4','81');
Insert into FIELDDATASETTYPE (DATASETTYPE_ID,FIELD_ID) values ('4','82');
Insert into FIELDDATASETTYPE (DATASETTYPE_ID,FIELD_ID) values ('4','84');
Insert into FIELDDATASETTYPE (DATASETTYPE_ID,FIELD_ID) values ('4','85');
Insert into FIELDDATASETTYPE (DATASETTYPE_ID,FIELD_ID) values ('4','89');
Insert into FIELDDATASETTYPE (DATASETTYPE_ID,FIELD_ID) values ('4','90');
Insert into FIELDDATASETTYPE (DATASETTYPE_ID,FIELD_ID) values ('4','91');
Insert into FIELDDATASETTYPE (DATASETTYPE_ID,FIELD_ID) values ('4','92');
Insert into FIELDDATASETTYPE (DATASETTYPE_ID,FIELD_ID) values ('4','93');
Insert into FIELDDATASETTYPE (DATASETTYPE_ID,FIELD_ID) values ('4','94');
Insert into FIELDDATASETTYPE (DATASETTYPE_ID,FIELD_ID) values ('4','95');
Insert into FIELDDATASETTYPE (DATASETTYPE_ID,FIELD_ID) values ('4','96');
Insert into FIELDDATASETTYPE (DATASETTYPE_ID,FIELD_ID) values ('4','97');
Insert into FIELDDATASETTYPE (DATASETTYPE_ID,FIELD_ID) values ('4','98');
Insert into FIELDDATASETTYPE (DATASETTYPE_ID,FIELD_ID) values ('4','99');
Insert into FIELDDATASETTYPE (DATASETTYPE_ID,FIELD_ID) values ('4','101');
Insert into FIELDDATASETTYPE (DATASETTYPE_ID,FIELD_ID) values ('4','103');
Insert into FIELDDATASETTYPE (DATASETTYPE_ID,FIELD_ID) values ('4','105');
Insert into FIELDDATASETTYPE (DATASETTYPE_ID,FIELD_ID) values ('4','106');
Insert into FIELDDATASETTYPE (DATASETTYPE_ID,FIELD_ID) values ('4','109');
Insert into FIELDDATASETTYPE (DATASETTYPE_ID,FIELD_ID) values ('4','110');
Insert into FIELDDATASETTYPE (DATASETTYPE_ID,FIELD_ID) values ('4','111');
Insert into FIELDDATASETTYPE (DATASETTYPE_ID,FIELD_ID) values ('4','112');
Insert into FIELDDATASETTYPE (DATASETTYPE_ID,FIELD_ID) values ('4','113');
Insert into FIELDDATASETTYPE (DATASETTYPE_ID,FIELD_ID) values ('4','115');
Insert into FIELDDATASETTYPE (DATASETTYPE_ID,FIELD_ID) values ('4','116');
Insert into FIELDDATASETTYPE (DATASETTYPE_ID,FIELD_ID) values ('4','117');
Insert into FIELDDATASETTYPE (DATASETTYPE_ID,FIELD_ID) values ('4','118');
Insert into FIELDDATASETTYPE (DATASETTYPE_ID,FIELD_ID) values ('4','119');
Insert into FIELDDATASETTYPE (DATASETTYPE_ID,FIELD_ID) values ('4','120');
Insert into FIELDDATASETTYPE (DATASETTYPE_ID,FIELD_ID) values ('4','122');
Insert into FIELDDATASETTYPE (DATASETTYPE_ID,FIELD_ID) values ('4','123');
Insert into FIELDDATASETTYPE (DATASETTYPE_ID,FIELD_ID) values ('4','124');
Insert into FIELDDATASETTYPE (DATASETTYPE_ID,FIELD_ID) values ('4','125');
Insert into FIELDDATASETTYPE (DATASETTYPE_ID,FIELD_ID) values ('4','126');
Insert into FIELDDATASETTYPE (DATASETTYPE_ID,FIELD_ID) values ('4','127');
Insert into FIELDDATASETTYPE (DATASETTYPE_ID,FIELD_ID) values ('4','128');
Insert into FIELDDATASETTYPE (DATASETTYPE_ID,FIELD_ID) values ('4','130');
Insert into FIELDDATASETTYPE (DATASETTYPE_ID,FIELD_ID) values ('4','131');
Insert into FIELDDATASETTYPE (DATASETTYPE_ID,FIELD_ID) values ('4','132');
Insert into FIELDDATASETTYPE (DATASETTYPE_ID,FIELD_ID) values ('4','133');
Insert into FIELDDATASETTYPE (DATASETTYPE_ID,FIELD_ID) values ('4','134');
Insert into FIELDDATASETTYPE (DATASETTYPE_ID,FIELD_ID) values ('4','136');
Insert into FIELDDATASETTYPE (DATASETTYPE_ID,FIELD_ID) values ('4','141');
Insert into FIELDDATASETTYPE (DATASETTYPE_ID,FIELD_ID) values ('4','142');
Insert into FIELDDATASETTYPE (DATASETTYPE_ID,FIELD_ID) values ('4','143');
Insert into FIELDDATASETTYPE (DATASETTYPE_ID,FIELD_ID) values ('4','144');
Insert into FIELDDATASETTYPE (DATASETTYPE_ID,FIELD_ID) values ('4','145');
Insert into FIELDDATASETTYPE (DATASETTYPE_ID,FIELD_ID) values ('4','148');
Insert into FIELDDATASETTYPE (DATASETTYPE_ID,FIELD_ID) values ('4','149');
Insert into FIELDDATASETTYPE (DATASETTYPE_ID,FIELD_ID) values ('4','151');
Insert into FIELDDATASETTYPE (DATASETTYPE_ID,FIELD_ID) values ('4','152');
Insert into FIELDDATASETTYPE (DATASETTYPE_ID,FIELD_ID) values ('4','153');
Insert into FIELDDATASETTYPE (DATASETTYPE_ID,FIELD_ID) values ('4','154');
Insert into FIELDDATASETTYPE (DATASETTYPE_ID,FIELD_ID) values ('4','156');
Insert into FIELDDATASETTYPE (DATASETTYPE_ID,FIELD_ID) values ('4','157');
Insert into FIELDDATASETTYPE (DATASETTYPE_ID,FIELD_ID) values ('4','158');
Insert into FIELDDATASETTYPE (DATASETTYPE_ID,FIELD_ID) values ('4','159');
Insert into FIELDDATASETTYPE (DATASETTYPE_ID,FIELD_ID) values ('4','160');
Insert into FIELDDATASETTYPE (DATASETTYPE_ID,FIELD_ID) values ('4','161');
Insert into FIELDDATASETTYPE (DATASETTYPE_ID,FIELD_ID) values ('4','162');
Insert into FIELDDATASETTYPE (DATASETTYPE_ID,FIELD_ID) values ('4','163');
Insert into FIELDDATASETTYPE (DATASETTYPE_ID,FIELD_ID) values ('4','164');
Insert into FIELDDATASETTYPE (DATASETTYPE_ID,FIELD_ID) values ('4','165');
Insert into FIELDDATASETTYPE (DATASETTYPE_ID,FIELD_ID) values ('4','166');
Insert into FIELDDATASETTYPE (DATASETTYPE_ID,FIELD_ID) values ('4','167');
Insert into FIELDDATASETTYPE (DATASETTYPE_ID,FIELD_ID) values ('4','168');
Insert into FIELDDATASETTYPE (DATASETTYPE_ID,FIELD_ID) values ('4','169');
Insert into FIELDDATASETTYPE (DATASETTYPE_ID,FIELD_ID) values ('4','170');
Insert into FIELDDATASETTYPE (DATASETTYPE_ID,FIELD_ID) values ('4','172');
Insert into FIELDDATASETTYPE (DATASETTYPE_ID,FIELD_ID) values ('5','6');
Insert into FIELDDATASETTYPE (DATASETTYPE_ID,FIELD_ID) values ('5','10');
Insert into FIELDDATASETTYPE (DATASETTYPE_ID,FIELD_ID) values ('5','14');
Insert into FIELDDATASETTYPE (DATASETTYPE_ID,FIELD_ID) values ('5','15');
Insert into FIELDDATASETTYPE (DATASETTYPE_ID,FIELD_ID) values ('5','17');
Insert into FIELDDATASETTYPE (DATASETTYPE_ID,FIELD_ID) values ('5','20');
Insert into FIELDDATASETTYPE (DATASETTYPE_ID,FIELD_ID) values ('5','22');
Insert into FIELDDATASETTYPE (DATASETTYPE_ID,FIELD_ID) values ('5','24');
Insert into FIELDDATASETTYPE (DATASETTYPE_ID,FIELD_ID) values ('5','28');
Insert into FIELDDATASETTYPE (DATASETTYPE_ID,FIELD_ID) values ('5','30');
Insert into FIELDDATASETTYPE (DATASETTYPE_ID,FIELD_ID) values ('5','31');
Insert into FIELDDATASETTYPE (DATASETTYPE_ID,FIELD_ID) values ('5','43');
Insert into FIELDDATASETTYPE (DATASETTYPE_ID,FIELD_ID) values ('5','47');
Insert into FIELDDATASETTYPE (DATASETTYPE_ID,FIELD_ID) values ('5','50');
Insert into FIELDDATASETTYPE (DATASETTYPE_ID,FIELD_ID) values ('5','75');
Insert into FIELDDATASETTYPE (DATASETTYPE_ID,FIELD_ID) values ('5','76');
Insert into FIELDDATASETTYPE (DATASETTYPE_ID,FIELD_ID) values ('5','79');
Insert into FIELDDATASETTYPE (DATASETTYPE_ID,FIELD_ID) values ('5','81');
Insert into FIELDDATASETTYPE (DATASETTYPE_ID,FIELD_ID) values ('5','85');
Insert into FIELDDATASETTYPE (DATASETTYPE_ID,FIELD_ID) values ('5','95');
Insert into FIELDDATASETTYPE (DATASETTYPE_ID,FIELD_ID) values ('5','101');
Insert into FIELDDATASETTYPE (DATASETTYPE_ID,FIELD_ID) values ('5','102');
Insert into FIELDDATASETTYPE (DATASETTYPE_ID,FIELD_ID) values ('5','105');
Insert into FIELDDATASETTYPE (DATASETTYPE_ID,FIELD_ID) values ('5','106');
Insert into FIELDDATASETTYPE (DATASETTYPE_ID,FIELD_ID) values ('5','118');
Insert into FIELDDATASETTYPE (DATASETTYPE_ID,FIELD_ID) values ('5','120');
Insert into FIELDDATASETTYPE (DATASETTYPE_ID,FIELD_ID) values ('5','124');
Insert into FIELDDATASETTYPE (DATASETTYPE_ID,FIELD_ID) values ('5','128');
Insert into FIELDDATASETTYPE (DATASETTYPE_ID,FIELD_ID) values ('5','131');
Insert into FIELDDATASETTYPE (DATASETTYPE_ID,FIELD_ID) values ('5','133');
Insert into FIELDDATASETTYPE (DATASETTYPE_ID,FIELD_ID) values ('5','134');
Insert into FIELDDATASETTYPE (DATASETTYPE_ID,FIELD_ID) values ('5','141');
Insert into FIELDDATASETTYPE (DATASETTYPE_ID,FIELD_ID) values ('5','142');
Insert into FIELDDATASETTYPE (DATASETTYPE_ID,FIELD_ID) values ('5','144');
Insert into FIELDDATASETTYPE (DATASETTYPE_ID,FIELD_ID) values ('5','145');
Insert into FIELDDATASETTYPE (DATASETTYPE_ID,FIELD_ID) values ('5','147');
Insert into FIELDDATASETTYPE (DATASETTYPE_ID,FIELD_ID) values ('5','148');
Insert into FIELDDATASETTYPE (DATASETTYPE_ID,FIELD_ID) values ('5','157');
Insert into FIELDDATASETTYPE (DATASETTYPE_ID,FIELD_ID) values ('5','170');
